{
  "train_mse": [
    0.0002025123333534137,
    1.452836254856038e-06,
    8.037033286970282e-07,
    4.706060250583086e-07,
    2.9699954540163276e-07,
    2.1913399301192787e-07,
    1.8317737417803606e-07,
    1.6612576871708676e-07,
    1.6076731804401137e-07,
    1.554934938585717e-07,
    1.6101377092231867e-07,
    1.69038052827924e-07,
    1.6186863550548092e-07,
    1.6867291038638851e-07,
    1.638681566803771e-07,
    1.8497817340494424e-07,
    2.2762903015030841e-07,
    2.1159594426107214e-07,
    1.985408499423484e-07,
    2.517006057719842e-07,
    2.099063678630906e-07,
    2.1825753475242363e-07,
    1.991562835252319e-07,
    2.0333211900061796e-07,
    2.1505554561394227e-07,
    2.074076627818626e-07,
    1.772231020723648e-07,
    1.8083913833066845e-07,
    1.8457372091324425e-07,
    1.8282169941566648e-07
  ],
  "val_mse": [
    3.9280146779674396e-07,
    2.192252424038088e-07,
    1.7642801708461775e-07,
    1.7132023799604212e-07,
    1.6253575552127586e-07,
    1.5708988598817086e-07,
    1.6089529708551709e-07,
    1.6136314684445097e-07,
    1.5304725309306377e-07,
    1.5400711106394738e-07,
    1.689389961256893e-07,
    2.4067375647973677e-07,
    1.739001760370229e-07,
    1.9159666919676965e-07,
    2.725705314787774e-07,
    1.6142021763698722e-07,
    1.989935043411606e-07,
    2.2462860727046063e-07,
    2.031002850344521e-07,
    1.9347429258687043e-07,
    1.454066733685977e-07,
    2.700943468880723e-07,
    2.315465650326587e-07,
    1.856430458246905e-07,
    1.7016247966239462e-07,
    1.4501841860692366e-07,
    1.616876375010179e-07,
    1.8023689563051448e-07,
    1.6486181664276955e-07,
    2.1193987720380392e-07
  ]
}